{
    "Table": {
        "AttributeDefinitions": [
            {
                "AttributeName": "id",
                "AttributeType": "S"
            }
        ],
        "TableName": "predictiveops_risk",
        "KeySchema": [
            {
                "AttributeName": "id",
                "KeyType": "HASH"
            }
        ],
        "TableStatus": "ACTIVE",
        "CreationDateTime": "2025-11-04T01:50:24.521000+00:00",
        "ProvisionedThroughput": {
            "NumberOfDecreasesToday": 0,
            "ReadCapacityUnits": 0,
            "WriteCapacityUnits": 0
        },
        "TableSizeBytes": 4225,
        "ItemCount": 24,
        "TableArn": "arn:aws:dynamodb:us-east-1:916566265947:table/predictiveops_risk",
        "TableId": "a5d86f9e-b832-4af5-a364-dc0ef005ed57",
        "BillingModeSummary": {
            "BillingMode": "PAY_PER_REQUEST",
            "LastUpdateToPayPerRequestDateTime": "2025-11-04T01:50:24.521000+00:00"
        },
        "DeletionProtectionEnabled": false,
        "WarmThroughput": {
            "ReadUnitsPerSecond": 12000,
            "WriteUnitsPerSecond": 4000,
            "Status": "ACTIVE"
        }
    }
}
